{"loss": [0.7303439974784851, 0.24334785342216492, 0.1448194533586502, 0.10176674276590347, 0.07626799494028091], "acc": [0.8045569658279419, 0.9245569705963135, 0.9568354487419128, 0.9700000286102295, 0.9800000190734863], "val_loss": [0.2824501693248749, 0.16668343544006348, 0.18925487995147705, 0.16302384436130524, 0.08563996851444244], "val_acc": [0.9151228070259094, 0.9577768445014954, 0.9508832693099976, 0.9538992047309875, 0.9831969141960144]}